sample,patient,radius_um,keren_immune_high,keren_tumor_high,homog_high,n_ab_high,n_aa_high,n_bb_high,keren_immune_low,keren_tumor_low,homog_low,n_ab_low,n_aa_low,n_bb_low,delta_keren_immune,delta_homog
Lung12,P12,20,0.3036117381489842,0.4766967924862662,0.15645902402140405,5380,11286,17720,1.7256207674943567,0.60245094176058,0.3087003048842046,30578,50756,17720,-1.4220090293453724,-0.15224128086280053
Lung13,P13,20,0.27722772277227725,0.2332373508844097,0.11242750210677638,4536,19448,16362,0.9649187140936316,0.5475480335714781,0.25888757706939525,15788,28834,16362,-0.6876909913213544,-0.14646007496261887
Lung5_Rep1,P5,20,0.28284463061690784,0.2268978157934932,0.11182204825172193,5942,26188,21008,1.556073876618431,0.5414223723872934,0.2865633437357551,32690,60378,21008,-1.273229246001523,-0.17474129548403317
Lung5_Rep2,P5,20,0.2854889589905363,0.35034066274388354,0.1359226217295966,9050,25832,31700,1.3746372239747635,0.7293542663944029,0.32273259172579283,43576,59746,31700,-1.0891482649842272,-0.18680996999619623
Lung5_Rep3,P5,20,0.27881948296904474,0.19111719522397141,0.10184397163120568,5026,26298,18026,1.7672251192721624,0.4631309606885322,0.2684509463536312,31856,68784,18026,-1.4884056363031177,-0.16660697472242553
Lung6,P6,20,1.1341301460823374,0.05329173166926677,0.04843466424682396,1708,32050,1506,5.227091633466135,0.031984137947847005,0.03081017612524462,7872,246122,1506,-4.092961487383798,0.01762448812157934
Lung9_Rep1,P9,20,0.8302893494767084,0.24506359781950332,0.15910967792677652,8092,33020,9746,3.1245639236609892,0.5018788318280704,0.30188155520748655,30452,60676,9746,-2.2942745741842807,-0.14277187728071003
Lung9_Rep2,P9,20,1.8810615989515072,0.2520193151887621,0.181832578468945,11482,45560,6104,5.742136304062909,0.3676547716449535,0.256799132524471,35050,95334,6104,-3.8610747051114025,-0.07496655405552602
Lung12,P12,40,0.39493403073668126,0.7032967032967034,0.20185938931527012,26880,38220,68062,1.848755546413564,0.6823012688428587,0.332609063418554,125830,184420,68062,-1.4538215156768828,-0.1307496741032839
Lung13,P13,40,0.5139410649663967,0.4600481273523786,0.19533409308235417,29824,64828,58030,1.1841805962433225,0.7065972936289228,0.30677678571428574,68718,97252,58030,-0.6702395312769258,-0.11144269263193157
Lung5_Rep1,P5,40,0.3936092955700799,0.39022815859380816,0.16384863963306578,31436,80558,79866,1.6812410788070018,0.6296553341148886,0.3141720676665341,134274,213250,79866,-1.287631783236922,-0.15032342803346832
Lung5_Rep2,P5,40,0.38833004712094377,0.5902372123736476,0.189776253470521,46480,78748,119692,1.484827724492865,0.8456911729716869,0.35014697653891924,177722,210150,119692,-1.096497677371921,-0.16037072306839825
Lung5_Rep3,P5,40,0.37870062219649836,0.32206142941523924,0.1482446501195156,26172,81264,69110,1.892085081753726,0.5414934322770867,0.2962733031838244,130762,241484,69110,-1.5133844595572277,-0.1480286530643088
Lung6,P6,40,1.95266507557677,0.07703533990333312,0.06899799007688308,9818,127448,5028,7.48170246618934,0.03868429387640935,0.03705907503039163,37618,972436,5028,-5.52903739061257,0.03193891504649145
Lung9_Rep1,P9,40,1.051655409146274,0.30923890923890923,0.19287788631425032,37990,122850,36124,3.503986269516111,0.5509907368714305,0.3225492444512397,126578,229728,36124,-2.452330860369837,-0.1296713581369894
Lung9_Rep2,P9,40,2.1194728628402983,0.2934412061266625,0.20493260009389042,48892,166616,23068,5.955262701577944,0.3909012787607346,0.2683764490757563,137376,351434,23068,-3.8357898387376452,-0.06344384898186589
Lung12,P12,60,0.46789456612182156,0.8720004205324993,0.23342550182578045,66354,76094,141814,1.9520075591972583,0.7216874882682962,0.3450733721260714,276822,383576,141814,-1.4841129930754366,-0.11164787030029097
Lung13,P13,60,0.7273996208857487,0.6770008019246191,0.2596146158151435,84422,124700,116060,1.3751507840772015,0.825198544010589,0.34024917495970736,159600,193408,116060,-0.6477511631914528,-0.08063455914456386
Lung5_Rep1,P5,60,0.46371960920651006,0.5186171264382966,0.1966691990883282,78696,151742,169706,1.7510636041153524,0.6735250787606809,0.32724577736371824,297166,441210,169706,-1.2873439949088423,-0.13057657827539004
Lung5_Rep2,P5,60,0.4548753587438628,0.7811070230935281,0.2232821316857735,115068,147314,252966,1.5584940268652705,0.9172351216788424,0.3660485482325502,394246,429820,252966,-1.1036186681214077,-0.1427664165467767
Lung5_Rep3,P5,60,0.44751486976140015,0.42927782587025526,0.17972499533238884,65458,152484,146270,1.9749230874410337,0.5827086779360149,0.3103207495686886,288872,495740,146270,-1.5274082176796335,-0.13059575423629977
Lung6,P6,60,2.5635303578608766,0.09338381767049449,0.0826543245888675,25502,273088,9948,9.19501407318054,0.043665429021241736,0.041649023020064124,91472,2094838,9948,-6.631483715319662,0.04100530156880337
Lung9_Rep1,P9,60,1.2160119265575142,0.3700198965380024,0.22099849318128884,92986,251300,76468,3.700868337082178,0.5779479638933137,0.3332815153463679,282998,489660,76468,-2.4848564105246638,-0.11228302216507907
Lung9_Rep2,P9,60,2.3208489903786598,0.32925986244712885,0.22381420760675216,112408,341396,48434,6.12970227526118,0.40592245408033517,0.2757354375289076,296886,731386,48434,-3.8088532848825203,-0.05192122992215545
Lung12,P12,80,0.525686815511959,1.0072815140359697,0.2567364805376784,124224,123326,236308,2.024603483589214,0.7461408658059968,0.35283905530021886,478430,641206,236308,-1.498916668077255,-0.09610257476254047
Lung13,P13,80,0.9242300588462695,0.8813837031878834,0.3108910104282933,172136,195302,186248,1.5559576478673596,0.9199400661557899,0.36633816063590946,289794,315014,186248,-0.63172758902109,-0.05544715020761615
Lung5_Rep1,P5,80,0.5108733533142817,0.6144218759168756,0.21810353036398694,146590,238582,286940,1.801679793685091,0.700947479173898,0.33538162120081744,516974,737536,286940,-1.2908064403708093,-0.1172780908368305
Lung5_Rep2,P5,80,0.5059486449267895,0.9317513305557712,0.24692986466715436,216034,231858,426988,1.6102326060685546,0.9636137864534864,0.3761111566970269,687550,713512,426988,-1.104283961141765,-0.12918129202987252
Lung5_Rep3,P5,80,0.49468295558229103,0.5108055828844903,0.20083592853630552,122530,239876,247694,2.0243122562516653,0.6077004559480496,0.31851774681456846,501410,825094,247694,-1.5296293006693742,-0.11768181827826293
Lung6,P6,80,3.125962031811185,0.10513328242759953,0.09232214632889717,48740,463602,15592,10.903283735248845,0.04758516564566232,0.045235220271713596,170004,3572626,15592,-7.77732170343766,0.04708692605718357
Lung9_Rep1,P9,80,1.3594439370249392,0.4301142680818342,0.24627154483400732,175632,408338,129194,3.823985634007771,0.5947540257338778,0.3398038085517021,494036,830656,129194,-2.464541696982832,-0.0935322637176948
Lung9_Rep2,P9,80,2.5124169723406364,0.36283363220192777,0.24072561302854864,202742,558774,80696,6.301848914444334,0.41606313591632493,0.28072815517901917,508534,1222252,80696,-3.7894319421036977,-0.04000254215047053
