contrast	n	rho	p	q	note
CLDN4 vs Palantir PT	35	-0.33333333333333337	0.05037360788422925	0.11334061773951581	
IFN vs Palantir PT	35	0.2554621848739496	0.13856668819338885	0.24942003874809995	
barrier/keratin (no CLDN4) vs Palantir PT	35	-0.37591036414565826	0.026048653219177573	0.07923346958317305	
CLDN4 vs IFN	35	-0.13893557422969188	0.426046906937654	0.639070360406481	
CLDN4 vs barrier/keratin (no CLDN4)	35	0.37507002801120454	0.02641115652772435	0.07923346958317305	
CLDN4 vs AT2 score	35	0.05434173669467787	0.7565278308663413	0.851093809724634	
CLDN4 vs TACSTD2 (comparator)	35	0.4257703081232493	0.010770020897001369	0.07923346958317305	
SFTPC vs Palantir PT (control)	0				n<4
AT2 score vs Palantir PT (control)	35	-0.09187675070028012	0.5996371451651697	0.7709620437837897	
